postId,Appreciation_pred,Complaint_pred,Feedback_pred
108381603303_10151119973393304,1,0,0
115568331790246_371841206162956,1,0,0
115568331790246_515044031842672,1,0,0
147285781446_10151010892176447,1,0,0
159616034235_10150639103634236,1,0,0
159616034235_10151047152604236,1,0,0
179590995428478_443816879005887,1,0,0
21493231379_10151019828566380,1,0,0
21493231379_10151163576961380,1,0,0
56805881344_10150894140076345,1,0,0
77978885595_10151108329765596,1,0,0
92979593115_10150888486048116,1,0,0
100488814000_10151062359694001,0,0,1
108381603303_10150626336393304,1,0,0
108381603303_10151320982703304,1,0,0
125472670805257_507117895974064,1,0,0
129945096760_10150510853546761,0,0,1
129945096760_10150827008406761,0,0,1
147285781446_10151137059581447,1,0,0
151901268159778_514205568596011,1,0,0
159616034235_10150590536309236,0,1,0
159616034235_10150650220029236,0,1,0
159616034235_10151044466269236,0,1,0
159616034235_10151069540579236,0,0,1
159616034235_10151080798669236,0,0,1
159616034235_10151202987379236,1,0,0
159616034235_10151249696679236,0,1,0
17648521247_10150693207586248,1,0,0
17648521247_10151257217201248,1,0,0
179590995428478_334137039973872,0,1,0
179590995428478_441695259218049,0,1,0
199504650087085_300439553398087,1,0,0
199504650087085_344020442302171,0,1,0
21493231379_10150739614756380,1,0,0
56805881344_10150677739064992,0,1,0
60686173217_10151194288768218,1,0,0
63445693036_10150796086798037,1,0,0
63445693036_10151168069573037,0,1,0
6806028948_10150737746798949,1,0,0
77978885595_10151185934090596,1,0,0
78143372410_10150937494897411,1,0,0
8103318119_10150745740573120,1,0,0
8103318119_10150753621913120,1,0,0
92979593115_10150598073403116,1,0,0
92979593115_10151304104983116,0,1,0
147285781446_10150573919451447,0,0,1
63445693036_10150618363398037,1,0,0
100488814000_10150545152119001,0,0,1
100488814000_10150843614604001,1,0,0
12699262021_10151292442857022,1,0,0
179590995428478_328415260546050,0,1,0
179590995428478_440265386027703,0,1,0
8103318119_10150730603368120,1,0,0
8103318119_10151277235693120,0,0,1
100488814000_10150571769109001,1,0,0
100488814000_10151062315519001,0,0,1
100488814000_10151226463359001,0,1,0
100488814000_10151226701814001,0,1,0
102621172007_10151314394207008,0,0,1
104078918472_347142588690904,0,0,1
108381603303_10150958297203304,1,0,0
108381603303_10151086395338304,1,0,0
110455108974424_364344650252134,0,0,1
110455108974424_437555226264409,1,0,0
110455108974424_525657287454202,1,0,0
115568331790246_399374803409596,1,0,0
115568331790246_403574869656256,1,0,0
12699262021_10150567694467022,0,1,0
151901268159778_457967577553144,1,0,0
159616034235_10150576134859236,1,0,0
159616034235_10150679641629236,1,0,0
159616034235_10150701514754236,1,0,0
159616034235_10150715854359236,1,0,0
159616034235_10150927819934236,0,0,1
159616034235_10151009686689236,0,1,0
159616034235_10151122176764236,1,0,0
159616034235_10151125593689236,1,0,0
159616034235_10151193565289236,1,0,0
163478290365055_383700798342802,1,0,0
17648521247_10150964246796248,1,0,0
17648521247_10150997008411248,1,0,0
179590995428478_325340464186863,0,1,0
179590995428478_383899204997655,1,0,0
179590995428478_395575477163361,1,0,0
313163945066_10150942220050067,0,1,0
63445693036_10150855203813037,1,0,0
63445693036_10150890454663037,1,0,0
63445693036_10151168595543037,0,1,0
6806028948_10150747117278949,1,0,0
6806028948_10150769823783949,1,0,0
7003656077_10151032998151078,1,0,0
8103318119_10150678132163120,1,0,0
8103318119_10151171158223120,1,0,0
8103318119_10151198648398120,1,0,0
8103318119_10151225262583120,1,0,0
8103318119_10151271890848120,1,0,0
92979593115_10150687566378116,1,0,0
92979593115_10151026566903116,1,0,0
117497138610_10151050223968611,1,0,0
100488814000_10151036334554001,0,0,1
129945096760_10150615049966761,0,0,1
147285781446_10151136070051447,1,0,0
260431051694_10150988591031695,1,0,0
6806028948_10151334809843949,1,0,0
108381603303_10151291466278304,1,0,0
100488814000_10151010440714001,0,1,0
102621172007_10151156211662008,1,0,0
108381603303_10150698478853304,0,0,1
108381603303_10151026031793304,0,1,0
110455108974424_413618265324772,0,0,1
115568331790246_497148966965512,1,0,0
124728879505_10150679915559506,1,0,0
147285781446_10151141920216447,1,0,0
159616034235_10150575301544236,1,0,0
159616034235_10150665784234236,1,0,0
159616034235_10150706715469236,0,0,1
159616034235_10151112847604236,1,0,0
163478290365055_411593355553546,1,0,0
17648521247_10151037939386248,1,0,0
179590995428478_340173109370265,0,1,0
179590995428478_405965759457666,0,1,0
179590995428478_447333235320918,0,0,1
21493231379_10150866321481380,0,1,0
63445693036_10150586106703037,1,0,0
6806028948_10150772802508949,1,0,0
6806028948_10151168404793949,1,0,0
6806028948_10151413158273949,0,0,1
8103318119_10150575737468120,1,0,0
8103318119_10150777008898120,1,0,0
8103318119_10151334387033120,1,0,0
92979593115_10150995489398116,0,1,0
92979593115_10151090679193116,1,0,0
129945096760_10151104145076761,0,1,0
8103318119_10151280343818120,1,0,0
115568331790246_518711401475935,0,0,1
124728879505_10151038887159506,1,0,0
12699262021_10150576483177022,0,0,1
12699262021_10150716097902022,1,0,0
199504650087085_306713526032863,1,0,0
6806028948_10151130377498949,1,0,0
6806028948_10151204696013949,1,0,0
8103318119_10150936070113120,0,1,0
108381603303_10150526186543304,1,0,0
115568331790246_373803419300068,1,0,0
115568331790246_479929902020752,1,0,0
117497138610_10150509455998611,1,0,0
125472670805257_423693750983146,0,1,0
12854644836_10150621535149837,1,0,0
129945096760_10150573932966761,1,0,0
159616034235_10150660005484236,1,0,0
159616034235_10150661882744236,1,0,0
159616034235_10151073327909236,1,0,0
163478290365055_373063782739837,1,0,0
163478290365055_374638672608244,1,0,0
163478290365055_390273964352152,1,0,0
167890209688_10150800519614689,0,1,0
179590995428478_319787741408802,1,0,0
179590995428478_386105701443672,0,0,1
21493231379_10150892015636380,0,0,1
21493231379_10151235256136380,1,0,0
260431051694_10150467219196695,1,0,0
56805881344_10150984657681345,0,0,1
60686173217_10150884068618218,1,0,0
6806028948_10150616698843949,0,1,0
6806028948_10151071741608949,0,0,1
6806028948_10151174178293949,1,0,0
7003656077_10150867503581078,1,0,0
7003656077_10150974151141078,0,0,1
7003656077_10151133339051078,0,1,0
7003656077_10151158475001078,0,0,1
78143372410_10150965830082411,1,0,0
8103318119_10150545446088120,0,1,0
8103318119_10150853080568120,1,0,0
92979593115_10150675260318116,1,0,0
8103318119_10150594038733120,0,0,1
92979593115_10151104049968116,0,1,0
117497138610_10151225364568611,0,1,0
125472670805257_473708389315015,0,1,0
92979593115_10150702428208116,1,0,0
102621172007_10150703834022008,0,0,1
147285781446_10151135442216447,0,1,0
179590995428478_409958195725089,0,1,0
6806028948_10150742377328949,1,0,0
6806028948_10151164970228949,0,1,0
7003656077_10150686005906078,0,0,1
117497138610_10150624121003611,1,0,0
102621172007_10151234994447008,0,0,1
104078918472_10150664243738473,1,0,0
108381603303_10150549428343304,0,0,1
108381603303_10151102051878304,0,0,1
110455108974424_463103970376201,0,0,1
117497138610_10151011851018611,1,0,0
117497138610_10151154915343611,0,0,1
129945096760_10150498734366761,1,0,0
147285781446_10151033448416447,1,0,0
17648521247_10151178818166248,1,0,0
179590995428478_328767630510813,0,1,0
179590995428478_418078291579746,0,1,0
21493231379_10150716897426380,0,0,1
63445693036_10150506639863037,1,0,0
63445693036_10150874095323037,0,0,1
63445693036_10151133787723037,0,1,0
63445693036_10151168145108037,0,1,0
6806028948_10150598758813949,0,0,1
6806028948_10150757076763949,0,1,0
6806028948_10150850623833949,0,0,1
6806028948_10151053063918949,0,0,1
6806028948_10151280030448949,0,1,0
77978885595_377321438975419,1,0,0
8103318119_10150742298433120,1,0,0
8103318119_10150773107038120,1,0,0
8103318119_10150791326173120,0,0,1
92979593115_283255695081089,1,0,0
100488814000_10150607891289001,0,0,1
100488814000_10150996918809001,0,1,0
117497138610_294128063982219,1,0,0
12699262021_10150758311187022,1,0,0
12699262021_10151019114977022,0,0,1
17648521247_10150972307366248,0,1,0
17648521247_10151200033756248,1,0,0
179590995428478_441122675941974,0,1,0
77978885595_10152354821325596,1,0,0
78143372410_10150600652567411,0,0,1
147285781446_10151052093156447,0,0,1
17648521247_10151272742881248,1,0,0
102621172007_10151278906582008,0,1,0
106245416086016_461714403872447,0,0,1
108381603303_3630560894584,0,0,1
115568331790246_520951604585248,1,0,0
117497138610_10151181592098611,1,0,0
12699262021_10150673729117022,1,0,0
151262458516_10150724952118517,0,0,1
151262458516_10151005989528517,1,0,0
159616034235_10150666341729236,1,0,0
159616034235_10150718228374236,0,0,1
17648521247_10151102326036248,0,1,0
17648521247_10151310264686248,0,0,1
56805881344_10150951743091345,0,0,1
63445693036_10150590134883037,0,0,1
63445693036_10150977860108037,0,0,1
63445693036_10151168111053037,0,1,0
6806028948_10151001530188949,1,0,0
6806028948_10151383037213949,0,1,0
7003656077_10150922183331078,1,0,0
77978885595_381703885257960,1,0,0
8103318119_10150779912468120,0,1,0
8103318119_10150809981443120,0,1,0
8103318119_10150850967528120,1,0,0
8103318119_10150923939458120,0,0,1
8103318119_10150968109558120,1,0,0
8103318119_10151310898933120,0,0,1
92979593115_10150496436303116,1,0,0
92979593115_10150513573713116,1,0,0
92979593115_10150612420653116,1,0,0
92979593115_10150994974608116,0,1,0
17648521247_10151259650561248,0,1,0
110455108974424_464136993606232,0,0,1
117497138610_10150643087903611,0,0,1
129945096760_10150854182006761,1,0,0
152789358067261_381288978550630,0,0,1
6806028948_10150597006488949,0,0,1
8103318119_10150553566433120,1,0,0
8103318119_10150983277703120,1,0,0
8103318119_10151283987838120,0,1,0
92979593115_10150508066163116,0,0,1
92979593115_10151161039423116,1,0,0
100488814000_10151219179059001,0,0,1
108381603303_4312426779496,1,0,0
110455108974424_353633784656554,0,0,1
110455108974424_523528647667066,0,1,0
110455108974424_547439818609282,0,0,1
115568331790246_387309507949459,0,0,1
124728879505_10150468699949506,1,0,0
12699262021_10151185529012022,0,0,1
12699262021_10151269181677022,0,0,1
12699262021_10151314239282022,0,1,0
129945096760_10150638910916761,1,0,0
147285781446_10151057309391447,0,0,1
152789358067261_380014238678104,0,0,1
159616034235_10150592836599236,1,0,0
167890209688_10150870129619689,0,0,1
17648521247_10151022955006248,0,0,1
17648521247_10151284184871248,0,0,1
179590995428478_281626641891579,0,1,0
63445693036_10151138234598037,1,0,0
6806028948_10150697633603949,0,0,1
6806028948_10150714594738949,0,0,1
6806028948_10151091882723949,1,0,0
6806028948_10151176851673949,0,0,1
78143372410_10150602354677411,1,0,0
8103318119_10150627020243120,0,0,1
8103318119_10151063354558120,0,1,0
8103318119_10151254990943120,1,0,0
92979593115_10150919614123116,0,0,1
92979593115_10151234376748116,1,0,0
92979593115_250015655092910,0,0,1
12699262021_10151289462907022,0,1,0
12854644836_10151295166749837,0,1,0
12699262021_10151332160887022,0,0,1
179590995428478_356499127737663,0,1,0
6806028948_10151059816873949,0,0,1
8103318119_10151202479168120,0,1,0
100488814000_10150897911764001,0,0,1
108381603303_10150499128488304,0,0,1
108381603303_477268992291380,1,0,0
117497138610_10150734399638611,0,0,1
147285781446_10151018240551447,1,0,0
159616034235_10150767120279236,0,1,0
179590995428478_333030560084520,0,1,0
179590995428478_387368481317394,0,1,0
179590995428478_419550218099220,0,1,0
56805881344_10151137072881345,0,0,1
6806028948_10151020109528949,1,0,0
8103318119_10151097764268120,0,0,1
92979593115_10151171516363116,0,1,0
92979593115_10151254286648116,0,0,1
179590995428478_364422523611990,0,1,0
8103318119_10150702425943120,0,0,1
100488814000_10150543500549001,0,1,0
12699262021_290224754429647,0,0,1
125472670805257_533245900027930,0,1,0
100488814000_10151154844104001,0,1,0
110455108974424_395768003776465,1,0,0
115568331790246_362937193720024,0,1,0
124793145874_10150949709760875,0,1,0
199504650087085_432488676788680,0,0,1
179590995428478_364479760272933,0,1,0
92979593115_10151209218223116,1,0,0
63445693036_10150953745528037,1,0,0
17648521247_10151256278831248,0,1,0
7003656077_258819407562918,0,1,0
108381603303_10151068711293304,1,0,0
117497138610_10151090476298611,0,1,0
100488814000_10151000816919001,0,1,0
100488814000_10151076894474001,0,1,0
110455108974424_507288065957791,0,0,1
117497138610_10150681890568611,0,1,0
124728879505_10151101196899506,1,0,0
125472670805257_465618836790637,0,0,1
12699262021_10150527767867022,0,0,1
12699262021_10150667671197022,0,1,0
12699262021_10151272983582022,0,0,1
12854644836_10151042368444837,1,0,0
159616034235_10150711735519236,0,0,1
163478290365055_383473855032163,1,0,0
17648521247_10151259612501248,0,1,0
17648521247_10151330492366248,0,1,0
179590995428478_348629995191243,0,1,0
179590995428478_365199500200959,0,1,0
179590995428478_393351104052465,0,1,0
199504650087085_315503411820541,0,1,0
260431051694_10150570798556695,0,0,1
56805881344_10150587754576345,1,0,0
58139304797_10150617918859798,1,0,0
63445693036_10150944748713037,0,0,1
63445693036_10151168166858037,0,1,0
6806028948_10150957094968949,0,0,1
6806028948_10151306684708949,1,0,0
8103318119_10151012916133120,0,1,0
92979593115_10150584161213116,1,0,0
108381603303_10150653543568304,0,1,0
17648521247_10150674762341248,1,0,0
8103318119_10151072657128120,0,0,1
17648521247_10150874957331248,1,0,0
6806028948_10150608224033949,1,0,0
199504650087085_438987919472089,0,0,1
179590995428478_419183901469185,0,1,0
6806028948_10151028280098949,0,1,0
108381603303_10151189795198304,1,0,0
159616034235_10150997070838126,0,1,0
17648521247_10150862701011248,0,1,0
6806028948_10150748606328949,0,1,0
115568331790246_559361900744218,0,1,0
7003656077_10150824832601078,0,1,0
12699262021_10150938892237022,0,0,1
78143372410_10150809796697411,0,1,0
56805881344_10151160065856345,0,1,0
12699262021_10151209384362022,1,0,0
260431051694_10150573084036695,0,1,0
100488814000_10151043037554001,0,1,0
102621172007_10151150335912008,0,1,0
108381603303_10151025673403304,0,1,0
108381603303_10151321838398304,1,0,0
110455108974424_523185437701387,0,0,1
117497138610_10150495177158611,0,0,1
125472670805257_4077876105373,1,0,0
147285781446_10151135649821447,0,1,0
147285781446_10151136945326447,1,0,0
152789358067261_422175917795269,0,0,1
163478290365055_374030819309800,1,0,0
17648521247_10151184452436248,0,1,0
179590995428478_297283780325865,0,0,1
313163945066_10151149422925067,1,0,0
63445693036_10151168167118037,0,1,0
63445693036_10151169266908037,0,1,0
77978885595_10152225016850596,0,0,1
8103318119_10151237537408120,1,0,0
179590995428478_418103014910607,0,1,0
92979593115_10151255426488116,0,1,0
12854644836_10151301659674837,0,0,1
125472670805257_394633810555807,0,1,0
147285781446_10151136233181447,0,1,0
108381603303_10150787286668304,0,1,0
100488814000_10150656029344001,0,0,1
100488814000_10151079018909001,0,1,0
77978885595_10151904215985596,0,1,0
92979593115_10151060739593116,0,0,1
100488814000_10151155648094001,0,0,1
77978885595_10152236856185596,1,0,0
100488814000_10150602741424001,0,0,1
124728879505_10151142338464506,0,1,0
148714060068_10151081094410069,0,0,1
77978885595_10152188182760596,1,0,0
92979593115_10150904703083116,0,1,0
12699262021_10150609594202022,0,1,0
147285781446_10151063588506447,0,0,1
100488814000_10151025939819001,1,0,0
179590995428478_389989614388614,0,1,0
6806028948_10150997459553949,1,0,0
100488814000_10151190799659001,0,1,0
115568331790246_453915401288869,0,0,1
17648521247_10151268917776248,1,0,0
6185812851_10151188029162852,0,0,1
199504650087085_363805306990351,0,1,0
12699262021_10150750953102022,1,0,0
115568331790246_374378762575867,0,1,0
115568331790246_423926147621128,1,0,0
115568331790246_443515782328831,1,0,0
124728879505_10150875314269506,0,0,1
126016648090_10151062708933091,1,0,0
159616034235_10150720248409236,0,1,0
17648521247_10150574369296248,0,1,0
7003656077_10150625566471078,1,0,0
77978885595_10151449538100596,1,0,0
92979593115_10151241380553116,1,0,0
104078918472_10151016477718473,0,1,0
115568331790246_462340443779698,1,0,0
179590995428478_396997003687875,0,1,0
115568331790246_512724072074668,0,1,0
117497138610_10151009261473611,1,0,0
159616034235_10150741453429236,0,1,0
6806028948_10150724106768949,0,0,1
125472670805257_527295803956273,0,1,0
129945096760_10151089865921761,0,1,0
129945096760_3076643795228,0,1,0
117497138610_10150509800478611,1,0,0
78143372410_10150801892747411,0,1,0
100488814000_10151083495574001,0,1,0
63445693036_10151168138558037,0,1,0
6806028948_10151112347283949,1,0,0
6806028948_10151242521313949,1,0,0
115568331790246_494358427244566,0,0,1
117497138610_448149681873216,1,0,0
92979593115_10150664016793116,1,0,0
124728879505_10150889585579506,1,0,0
21493231379_10150626032566380,0,0,1
115568331790246_522498811097194,0,1,0
199504650087085_469465933097705,0,1,0
199504650087085_352902271413988,0,1,0
110455108974424_339590326060900,0,1,0
110455108974424_525793757440555,0,0,1
117497138610_10150686001973611,0,1,0
117497138610_10150925410683611,0,0,1
129945096760_10150942116701761,1,0,0
151901268159778_539579309391970,1,0,0
179590995428478_388629237857985,1,0,0
63445693036_10151168674373037,0,1,0
6806028948_10151319846578949,1,0,0
78143372410_10150602123062411,1,0,0
117497138610_10150545954238611,0,1,0
92979593115_10151004858458116,1,0,0
115568331790246_470144946332581,1,0,0
7003656077_10150469665986078,0,1,0
179590995428478_433839283336980,0,0,1
8103318119_10150920497608120,1,0,0
100488814000_10151047272649001,0,1,0
6806028948_10150639881413949,1,0,0
92979593115_10151237406588116,0,1,0
115568331790246_389557147724695,0,1,0
125472670805257_523747344311119,0,0,1
108381603303_10150640522833304,1,0,0
100488814000_4241487564245,0,1,0
152789358067261_410425228970338,1,0,0
78143372410_10151154113092411,0,1,0
129945096760_476119862410291,0,1,0
108381603303_10151315072883304,0,1,0
92979593115_10150998128553116,0,0,1
117497138610_10151160105508611,0,1,0
167890209688_10151475791734689,0,1,0
117497138610_10150677436393611,0,1,0
108381603303_10151112583281138,0,0,1
179590995428478_317523274968582,0,1,0
100488814000_10151043991269001,0,1,0
17648521247_10151131070961248,0,1,0
179590995428478_394368683950707,0,1,0
63445693036_10151168401623037,0,1,0
100488814000_10151045414434001,0,0,1
110455108974424_520865747933356,0,0,1
12699262021_10151182544407022,0,1,0
129945096760_10150559656076761,0,1,0
159616034235_10150741827754236,0,1,0
179590995428478_334511609936415,0,1,0
21493231379_10150519989696380,0,1,0
6806028948_10150612344108949,0,0,1
78143372410_10150809622567411,0,1,0
8103318119_10150648209218120,0,0,1
12699262021_10151316238312022,0,1,0
125472670805257_526908863994967,0,1,0
12699262021_10150507123297022,0,1,0
12699262021_10151080698887022,0,0,1
129945096760_10150877791751761,0,1,0
129945096760_10151104829426761,0,1,0
60686173217_10150691438488218,0,0,1
117497138610_10150511874648611,0,0,1
125472670805257_3338169766124,0,0,1
125472670805257_480846718601182,1,0,0
152789358067261_374446552568206,0,1,0
159616034235_10150506511219236,0,1,0
129945096760_10150795741046761,0,0,1
147285781446_10151136239131447,0,1,0
163478290365055_413196765393205,0,0,1
199504650087085_324038000967082,0,0,1
63445693036_10151084998848037,1,0,0
6806028948_10150831182323949,0,0,1
6806028948_10151002798678949,1,0,0
6806028948_10150638763593949,0,0,1
100488814000_10151137890009001,0,1,0
108381603303_4014179427869,1,0,0
151901268159778_393318830684686,0,1,0
167890209688_10150987777289689,0,1,0
179590995428478_321871867867056,0,0,1
199504650087085_335717619799120,0,0,1
199504650087085_340213192682896,0,1,0
199504650087085_345495632154652,0,1,0
6806028948_10151170134618949,1,0,0
6806028948_10151318841588949,0,1,0
7003656077_10151049560746078,0,1,0
7003656077_10151029583601078,1,0,0
60686173217_10150494518048218,0,1,0
100488814000_10151039441589001,0,1,0
100488814000_10151044715604001,0,1,0
179590995428478_383495528371356,1,0,0
108381603303_10151167873448304,1,0,0
147285781446_10151136514221447,1,0,0
147285781446_10151147896371447,0,1,0
159616034235_10150702347729236,0,0,1
12854644836_10150718703279837,0,0,1
6806028948_10150602559978949,0,0,1
21493231379_10151022177691380,1,0,0
78143372410_10151122688092411,0,1,0
126016648090_10150839859878091,0,1,0
17648521247_10150528812351248,0,0,1
21493231379_10150866537386380,0,1,0
117497138610_10151111597303611,0,1,0
17648521247_10150519567391248,0,0,1
199504650087085_377927065578175,0,1,0
6806028948_10150978736148949,1,0,0
6806028948_10151254578283949,1,0,0
78143372410_10150626793252411,0,0,1
8103318119_10150910555638120,0,0,1
108381603303_10151262390448304,1,0,0
159616034235_10150954359724236,1,0,0
21493231379_10151291437716380,1,0,0
8103318119_10151292160113120,0,0,1
117497138610_10151123357123611,0,1,0
124728879505_10150885438299506,0,1,0
117497138610_10150734394938611,0,0,1
117497138610_10151208824458611,0,0,1
56805881344_10151055557206345,0,0,1
7003656077_10150832629271078,1,0,0
7003656077_10151010836866078,0,0,1
77978885595_10151669446340596,1,0,0
77978885595_10152139845460596,1,0,0
77978885595_2550249930877,1,0,0
78143372410_10150809877712411,0,1,0
92979593115_10151204212093116,0,1,0
117497138610_10150648973803611,0,1,0
151901268159778_563892376960663,0,0,1
7003656077_10150823577631078,1,0,0
100488814000_10150698345574001,1,0,0
108381603303_10150824204083304,0,0,1
124728879505_10150559221209506,1,0,0
147285781446_10150569961796447,1,0,0
147285781446_10151150102791447,0,1,0
60686173217_10151108741963218,0,0,1
60686173217_10151194926713218,0,1,0
6806028948_10151042570833949,1,0,0
7003656077_10150826307566078,0,1,0
77978885595_10151258434505596,1,0,0
78143372410_10150979747552411,0,0,1
106245416086016_407489735961581,1,0,0
8103318119_10150945364218120,0,1,0
92979593115_10150654751478116,0,0,1
179590995428478_401148233272752,0,1,0
108381603303_10150582651413304,0,1,0
199504650087085_354869747883907,0,0,1
110455108974424_370009466352319,0,1,0
126016648090_10151175513738091,0,1,0
167890209688_10150736730644689,0,1,0
17648521247_10151254248371248,0,0,1
78143372410_10151016945767411,0,1,0
8103318119_10150657088273120,0,0,1
12699262021_10151308133892022,0,1,0
6806028948_10150758432828949,0,1,0
8103318119_10150529345903120,0,1,0
104078918472_10151150910553473,0,1,0
12699262021_10151284825722022,0,1,0
63445693036_10151168238553037,0,1,0
63445693036_10151169180788037,0,1,0
199504650087085_335075396530009,0,1,0
179590995428478_288150297905880,0,1,0
199504650087085_406007879436760,1,0,0
12699262021_10151046762117022,0,1,0
117497138610_400833313261019,0,1,0
151262458516_10150612256898517,0,0,1
179590995428478_412071938847048,0,0,1
313163945066_10151208110295067,0,1,0
60686173217_323479474412150,1,0,0
6806028948_10150605976733949,0,1,0
77978885595_10151303253480596,0,0,1
92979593115_10150523713813116,0,0,1
117497138610_10151054853528611,0,0,1
179590995428478_325280517526191,1,0,0
179590995428478_412057022181873,0,0,1
60686173217_357685690966243,0,1,0
63445693036_10151168169043037,0,1,0
152789358067261_435127773166750,0,1,0
12699262021_10151283865652022,0,1,0
100488814000_10150998279484001,0,1,0
117497138610_10151216346793611,0,0,1
78143372410_10150937657732411,0,1,0
199504650087085_325990727438476,0,1,0
102621172007_10150717536367008,1,0,0
100488814000_10151101422734001,0,1,0
12699262021_10150543621417022,0,0,1
12699262021_10151106851882022,0,0,1
129945096760_10151089621471761,0,1,0
167890209688_10151188266644689,0,1,0
6806028948_10150802215578949,0,1,0
92979593115_10150648544388116,0,0,1
102621172007_10150763174477008,1,0,0
78143372410_10151000399812411,0,1,0
100488814000_10151000269014001,0,1,0
117497138610_10150520485473611,0,1,0
125472670805257_516523348366852,0,0,1
147285781446_10151135554916447,0,1,0
152789358067261_396571307022397,0,0,1
313163945066_10151338037655067,0,1,0
6806028948_10151102568718949,0,1,0
8103318119_10150565137858120,0,1,0
179590995428478_387184444669131,0,1,0
179590995428478_377518765635699,0,1,0
117497138610_10150543515568611,0,1,0
179590995428478_348560775198165,0,1,0
179590995428478_418285521559023,0,1,0
56805881344_10150668402846345,0,0,1
6806028948_10150875564888949,0,1,0
313163945066_10151090833825067,0,1,0
6806028948_10150600612053949,0,0,1
8103318119_10150643244408120,0,1,0
12699262021_10150656008907022,0,1,0
199504650087085_334104549960427,0,1,0
8103318119_10151237169633120,0,1,0
92979593115_10150578600103116,0,1,0
108381603303_10151318537503304,1,0,0
179590995428478_369931863061056,0,1,0
100488814000_10150595562039001,1,0,0
117497138610_10150691759873611,0,1,0
12699262021_10151298091387022,1,0,0
151901268159778_549659818383919,0,0,1
8103318119_10151323223943120,1,0,0
77978885595_10151161943415596,0,1,0
313163945066_10151228280255067,0,1,0
100488814000_10151008966629001,0,1,0
100488814000_10151043900174001,0,1,0
104078918472_10151167643483473,0,0,1
124728879505_10150971265889506,0,1,0
159616034235_10150721656819236,1,0,0
159616034235_10150792671104236,1,0,0
21493231379_10150692434956380,0,0,1
8103318119_10151123412978120,1,0,0
115568331790246_391359177544492,0,1,0
199504650087085_343068879063994,0,1,0
92979593115_10151238724353116,1,0,0
179590995428478_318750144845895,1,0,0
126016648090_10151166447793091,0,1,0
179590995428478_430080247046217,0,0,1
179590995428478_439836252737283,0,1,0
313163945066_10151340561400067,0,1,0
17648521247_10151240162196248,0,0,1
117497138610_10151073966908611,1,0,0
125472670805257_476151142404073,1,0,0
6806028948_10150614850408949,1,0,0
147285781446_10151091902021447,0,0,1
151901268159778_534522123231022,0,0,1
77978885595_10152093828130596,1,0,0
78143372410_10151019606172411,0,1,0
100488814000_10150833742469001,1,0,0
117497138610_10150610306183611,0,1,0
117497138610_10151103050408611,0,0,1
60686173217_434881433200408,0,0,1
7003656077_10151051847861078,0,1,0
117497138610_10151244551598611,1,0,0
92979593115_10151273385278116,0,1,0
6806028948_10151259661553949,0,0,1
104078918472_10151111674033473,0,1,0
63445693036_10151131861603037,0,1,0
8103318119_10151174692918120,0,1,0
179590995428478_365901576797418,0,1,0
110455108974424_518019831551281,0,0,1
115568331790246_379428885404188,0,0,1
21493231379_10151180293591380,0,0,1
78143372410_10150923398142411,0,0,1
17648521247_10150999816201248,1,0,0
152789358067261_439320459414148,0,1,0
56805881344_10151016139206345,0,1,0
63445693036_10151073607808037,0,1,0
179590995428478_418964068157835,0,1,0
159616034235_10151388075849236,0,1,0
17648521247_10150551324476248,0,1,0
56805881344_10150882754001345,0,0,1
199504650087085_299510176753198,0,1,0
63445693036_10150898236118037,1,0,0
8103318119_10150547817438120,0,1,0
21493231379_10151178015546380,0,0,1
100488814000_10150626646329001,0,1,0
6806028948_10150616295588949,0,1,0
6806028948_10150882079613949,1,0,0
179590995428478_439094319478143,0,1,0
7003656077_10151175072216078,0,1,0
115568331790246_566575113356230,0,1,0
7003656077_10151162372076078,0,1,0
78143372410_10151063109752411,0,0,1
6806028948_302876946439070,0,0,1
63445693036_10151168196688037,0,1,0
92979593115_10150546981228116,0,0,1
92979593115_10151264677323116,1,0,0
108381603303_10151378521653304,1,0,0
179590995428478_414445208609721,0,1,0
100488814000_10151027838824001,0,1,0
17648521247_10151293559091248,0,0,1
77978885595_10151293990685596,0,0,1
12699262021_10151285286717022,0,1,0
179590995428478_405679079486334,0,1,0
8103318119_10151017744018120,0,0,1
115568331790246_509418049071937,0,0,1
92979593115_10150984956033116,0,1,0
147285781446_10151138368551447,1,0,0
199504650087085_432115393492675,0,1,0
21493231379_10150954650676380,1,0,0
92979593115_10150607535238116,0,1,0
117497138610_10151181274188611,1,0,0
179590995428478_349293101791599,0,1,0
7003656077_10150611894421078,0,0,1
8103318119_10151145217008120,0,1,0
8103318119_10151289930728120,0,1,0
167890209688_10151135406879689,0,1,0
313163945066_10150938781510067,0,0,1
8103318119_10151316070213120,0,0,1
313163945066_10150702095975067,0,1,0
92979593115_10151268284973116,0,1,0
8103318119_10151177592383120,0,1,0
199504650087085_437867106250837,0,1,0
7003656077_10150633040146078,0,1,0
102621172007_485416001469588,1,0,0
100488814000_10150994328644001,0,1,0
124793145874_10151163003090875,0,0,1
151262458516_10151065337768517,1,0,0
6806028948_10150641950723949,0,0,1
151262458516_10151131911953517,0,1,0
92979593115_10150495841783116,0,1,0
110455108974424_390986897587909,0,0,1
77978885595_10151903148065596,0,0,1
17648521247_10150557341456248,0,1,0
115568331790246_349994275014316,0,1,0
124728879505_10151095188774506,1,0,0
12699262021_10151056294137022,0,1,0
7003656077_10150620935601078,0,1,0
199504650087085_445942575443290,0,1,0
129945096760_10151088074756761,0,1,0
199504650087085_337367766300772,0,1,0
63445693036_10150973439683037,1,0,0
78143372410_10151099874442411,0,1,0
110455108974424_546476688705595,0,1,0
7003656077_10150447994261078,0,1,0
110455108974424_502102733142991,0,1,0
12699262021_10151131154242022,0,1,0
6806028948_10150630053488949,0,1,0
151262458516_10150595133013517,0,1,0
6806028948_10151005141738949,1,0,0
17648521247_10150686168031248,0,1,0
8103318119_10151229264558120,0,1,0
115568331790246_473748549305554,0,1,0
179590995428478_397057940348448,0,1,0
6806028948_10151357651258949,1,0,0
7003656077_10151044687436078,0,1,0
159616034235_10150594328729236,1,0,0
8103318119_10151125677203120,1,0,0
313163945066_10150746649515067,0,0,1
63445693036_10151168831763037,0,1,0
7003656077_10151053082081078,0,1,0
78143372410_10151084280612411,0,1,0
78143372410_10151117185812411,1,0,0
199504650087085_335860516451497,0,1,0
129945096760_10151091406741761,0,1,0
260431051694_10150570091796695,1,0,0
159616034235_10150687642384236,1,0,0
12699262021_10151263914802022,0,1,0
6806028948_10151135462088949,1,0,0
78143372410_10150796278852411,0,1,0
151901268159778_482604975089404,0,1,0
63445693036_10151168714518037,0,1,0
125472670805257_507029122649608,0,1,0
7003656077_10150903169876078,0,1,0
151262458516_10150592201683517,0,1,0
199504650087085_335189606518588,0,1,0
7003656077_10150892287081078,0,1,0
124728879505_246094665505674,1,0,0
159616034235_10150706785034236,0,0,1
63445693036_10151168072758037,0,1,0
56805881344_10150821954126345,1,0,0
179590995428478_427586087295633,0,1,0
125472670805257_427004440652077,0,1,0
8103318119_10151258497753120,0,0,1
151901268159778_365410503475519,0,1,0
159616034235_10150770169794236,0,1,0
159616034235_10150916134834236,0,1,0
7003656077_10150477269451078,0,0,1
313163945066_10151216282225067,0,1,0
159616034235_10151384226289236,0,1,0
102621172007_10151379254552008,1,0,0
199504650087085_310034375700778,0,1,0
115568331790246_384293791584364,0,0,1
147285781446_10151098532061447,0,1,0
100488814000_10151015319349001,0,0,1
108381603303_10151328076953304,1,0,0
179590995428478_437362279613867,0,1,0
63445693036_10151087246813037,0,0,1
6806028948_10150820140513949,1,0,0
115568331790246_377587065588370,0,1,0
60686173217_10150609126788218,0,1,0
7003656077_10151106111201078,0,1,0
102621172007_10150837265397008,0,0,1
110455108974424_364288173591115,0,1,0
117497138610_491883027502145,1,0,0
125472670805257_502418919777295,0,0,1
125472670805257_521413747877812,0,0,1
12699262021_10151324498927022,0,0,1
129945096760_10151089228831761,0,1,0
129945096760_10151103994321761,0,1,0
163478290365055_466561423390072,0,1,0
179590995428478_341215752599334,0,0,1
60686173217_10150578629693218,0,0,1
63445693036_10150700611043037,1,0,0
63445693036_10151019830263037,0,0,1
6806028948_10151194370183949,0,0,1
78143372410_10151045694982411,0,1,0
8103318119_10151050146758120,0,1,0
12699262021_10150552893952022,0,1,0
100488814000_10151206802709001,0,0,1
115568331790246_486087478071661,0,1,0
56805881344_10151154626496345,0,1,0
100488814000_10151156482164001,0,1,0
167890209688_10150766492509689,1,0,0
117497138610_10151220481023611,0,1,0
179590995428478_341923495861893,0,1,0
125472670805257_359688737383648,0,0,1
12699262021_10150512626527022,0,0,1
8103318119_10151157699288120,0,1,0
92979593115_10150889386198116,0,1,0
147285781446_10151136537846447,0,1,0
117497138610_10151112096398611,0,1,0
117497138610_10150476392543611,0,1,0
12699262021_10150695958052022,0,1,0
108381603303_10151174952253304,0,1,0
100488814000_10151001593424001,0,1,0
147285781446_10151136470336447,0,0,1
17648521247_10151222301811248,1,0,0
129945096760_10150514971381761,0,1,0
260431051694_10150912561896695,0,0,1
104078918472_10151021268943473,0,0,1
125472670805257_513250302027490,0,1,0
117497138610_10150700327768611,0,1,0
117497138610_10151193853573611,0,0,1
163478290365055_448151581897723,1,0,0
17648521247_10150645864311248,1,0,0
179590995428478_319651928089050,0,1,0
179590995428478_365364043517838,0,0,1
179590995428478_431393970248178,0,0,1
179590995428478_437109276343314,0,1,0
6806028948_10150661538573949,0,0,1
6806028948_10151280531908949,0,1,0
7003656077_10150497795921078,1,0,0
7003656077_10150964552451078,1,0,0
92979593115_10150781295263116,0,1,0
100488814000_10151062009074001,0,1,0
124728879505_10150458060254506,0,1,0
124728879505_10150582447729506,0,0,1
125472670805257_3484103737424,1,0,0
125472670805257_465066016845919,1,0,0
12699262021_10151319580697022,0,1,0
129945096760_10151089423856761,0,1,0
129945096760_10151089428176761,0,0,1
129945096760_10151103676496761,0,1,0
129945096760_10151121359426761,0,0,1
163478290365055_464923013553913,0,1,0
167890209688_10151501204874689,0,1,0
199504650087085_431170906920457,0,1,0
21493231379_10151118578286380,1,0,0
313163945066_10151217174770067,1,0,0
6806028948_10150663442898949,0,1,0
7003656077_10151080244381078,0,1,0
77978885595_10151913715010596,1,0,0
78143372410_10151145246327411,1,0,0
92979593115_10150652191593116,0,1,0
92979593115_10150656507308116,0,0,1
92979593115_10150998135723116,0,1,0
124728879505_10150643368874506,0,1,0
12699262021_10150687643277022,0,0,1
179590995428478_344107005643542,0,1,0
179590995428478_414673741920201,1,0,0
179590995428478_373045746083001,0,1,0
104078918472_10151041476228473,0,0,1
159616034235_10150499910204236,0,1,0
163478290365055_373173706062178,1,0,0
163478290365055_448155985230616,0,0,1
17648521247_10151169230511248,0,0,1
7003656077_10150548535931078,0,1,0
78143372410_10150584182847411,1,0,0
117497138610_10150580362333611,0,1,0
100488814000_10150838353514001,1,0,0
179590995428478_349871785067064,0,1,0
100488814000_293195900789830,0,1,0
125472670805257_480913175261203,0,1,0
12699262021_4627980508338,1,0,0
12854644836_10151024750144837,1,0,0
159616034235_10150643599994236,1,0,0
179590995428478_403322816388627,0,0,1
179590995428478_416038585117050,0,1,0
63445693036_10150814373408037,0,1,0
78143372410_10150986097977411,0,1,0
92979593115_10151235278633116,0,1,0
100488814000_10150632127909001,1,0,0
110455108974424_391964104156855,0,0,1
117497138610_10150521775838611,1,0,0
117497138610_10150639976718611,0,0,1
117497138610_10151234717883611,0,0,1
12699262021_10151247162312022,0,1,0
147285781446_10151150127171447,0,1,0
147285781446_10151150430196447,0,1,0
152789358067261_427883393891188,0,1,0
179590995428478_429356377118604,0,1,0
179590995428478_437437846310457,0,1,0
179590995428478_440096896044552,0,1,0
6806028948_10150610592313949,0,0,1
6806028948_10150671194233949,1,0,0
6806028948_10150729110903949,0,0,1
6806028948_10151073369968949,0,0,1
6806028948_10151298459273949,0,0,1
78143372410_10150924766007411,0,0,1
78143372410_10150932083092411,0,1,0
8103318119_10150547348803120,0,1,0
100488814000_10151044783639001,0,1,0
8103318119_10151289854923120,0,1,0
8103318119_10150688587243120,0,0,1
159616034235_10150775635454236,0,1,0
7003656077_10150457734106078,0,0,1
17648521247_10151228124241248,0,1,0
260431051694_10151121116011695,0,1,0
56805881344_10151075370351345,0,1,0
100488814000_10151096767444001,0,1,0
100488814000_10151161378114001,1,0,0
104078918472_10150917988813473,1,0,0
115568331790246_414792421867834,1,0,0
117497138610_10150830136283611,1,0,0
12699262021_10151201856217022,0,0,1
12699262021_10151272989947022,0,0,1
129945096760_10151103911866761,0,1,0
140143322677450_464150246943421,1,0,0
147285781446_10151135925106447,1,0,0
147285781446_10151143963846447,0,1,0
151262458516_10151148781923517,0,0,1
159616034235_10150706043094236,0,0,1
179590995428478_384951024892473,0,0,1
179590995428478_422784027775839,0,1,0
58139304797_10151010840414798,1,0,0
6806028948_10150612251008949,0,0,1
6806028948_10150912889873949,0,1,0
8103318119_10150526943003120,1,0,0
8103318119_10151091577538120,0,0,1
8103318119_10151190322063120,0,0,1
8103318119_10151225419988120,0,1,0
7003656077_10150626051621078,0,1,0
115568331790246_539272556086486,0,1,0
179590995428478_415757598478482,0,1,0
78143372410_10150635729492411,0,1,0
60686173217_10151179316913218,1,0,0
167890209688_10151396112639689,0,1,0
78143372410_10151036069642411,0,1,0
78143372410_10151022756097411,0,1,0
124728879505_336543919747510,1,0,0
78143372410_287962001269449,1,0,0
100488814000_10150698337939001,0,1,0
115568331790246_529661743714234,1,0,0
125472670805257_483716431647544,0,1,0
12699262021_10150939199437022,0,1,0
12699262021_10151307881727022,0,0,1
147285781446_10151135588716447,1,0,0
179590995428478_322084881179088,1,0,0
179590995428478_411135775607331,0,1,0
313163945066_10151247879770067,0,1,0
6806028948_10151172563488949,0,0,1
7003656077_10151018919601078,0,1,0
77978885595_10151324183435596,0,1,0
8103318119_10150601232358120,0,1,0
92979593115_10150568641048116,0,1,0
102621172007_10151354690262008,1,0,0
21493231379_10151124555351380,0,0,1
60686173217_10151093022328218,0,1,0
7003656077_10151026550846078,0,1,0
8103318119_10151067629518120,0,1,0
108381603303_10151391011133304,0,0,1
159616034235_10150880435264236,0,1,0
199504650087085_406351769402371,0,1,0
6806028948_10150966045443949,0,0,1
100488814000_10151081630844001,0,0,1
92979593115_10151278675298116,0,1,0
100488814000_10151032519054001,0,0,1
125472670805257_439427992743055,1,0,0
151901268159778_488639361152632,0,0,1
159616034235_10150658683334236,0,1,0
179590995428478_398827106838198,1,0,0
260431051694_10150797784996695,0,0,1
78143372410_10151067165547411,0,0,1
78143372410_10151098488702411,1,0,0
179590995428478_420711197983122,0,1,0
260431051694_10151064972831695,0,1,0
63445693036_10150804098038037,1,0,0
6806028948_10151082260503949,0,1,0
167890209688_10151399835059689,0,1,0
6185812851_10151063982362852,0,1,0
7003656077_10151090110016078,0,1,0
117497138610_10151128685778611,0,1,0
92979593115_10150656770443116,0,0,1
110455108974424_420994721253793,0,0,1
8103318119_10150713232373120,0,1,0
92979593115_10150532870443116,0,1,0
12699262021_10151130192672022,0,1,0
179590995428478_423912434329665,0,1,0
125472670805257_449700641715790,0,1,0
92979593115_10150977074813116,0,1,0
108381603303_10151224873423304,0,1,0
100488814000_10151224510039001,0,1,0
108381603303_10150505036088304,1,0,0
110455108974424_475583942461537,0,0,1
125472670805257_431249160227605,0,0,1
151262458516_10150652069523517,0,1,0
159616034235_10150532648719236,0,0,1
159616034235_10150634237639236,0,1,0
179590995428478_334597626594480,0,1,0
179590995428478_422357937818448,0,1,0
199504650087085_466666646704216,0,1,0
199504650087085_473981229306091,0,1,0
21493231379_10150723147146380,0,0,1
63445693036_10151164539983037,0,0,1
6806028948_10151129963843949,0,0,1
77978885595_10151486305170596,0,1,0
78143372410_10151005736342411,0,1,0
78143372410_395706200489885,1,0,0
8103318119_10151223984338120,0,0,1
92979593115_10150662627103116,1,0,0
6806028948_10150793284663949,0,0,1
151262458516_10151050378998517,0,1,0
179590995428478_409965845724324,0,1,0
8103318119_10151095746708120,0,1,0
102621172007_10150733998792008,0,0,1
104078918472_10151143504328473,0,0,1
108381603303_10151117334183304,1,0,0
110455108974424_388923177794281,0,0,1
124728879505_10151108272784506,0,0,1
126016648090_10151063754748091,1,0,0
129945096760_10150561596991761,1,0,0
147285781446_10151135675041447,0,1,0
151262458516_10150598711363517,0,0,1
151901268159778_458300754186493,0,1,0
159616034235_10150684022259236,0,1,0
17648521247_10151132224281248,1,0,0
179590995428478_337085776345665,0,1,0
179590995428478_427372423983666,1,0,0
179590995428478_437195676334674,1,0,0
260431051694_10150521239356695,0,1,0
6806028948_10150616370398949,1,0,0
6806028948_10151294827023949,1,0,0
78143372410_10150954043482411,1,0,0
78143372410_10151152631292411,1,0,0
8103318119_10151274913138120,1,0,0
92979593115_10150737778838116,1,0,0
179590995428478_389818887739020,0,1,0
12699262021_10151281084897022,0,1,0
60686173217_10151098137723218,0,1,0
151901268159778_462046653811903,0,1,0
152789358067261_407542129258648,1,0,0
63445693036_10151168293903037,0,1,0
63445693036_10151168101408037,0,1,0
12699262021_10150722022207022,1,0,0
100488814000_10150554780609001,1,0,0
63445693036_10151170137918037,0,1,0
151901268159778_551547291528505,0,1,0
108381603303_10150837699868304,0,0,1
179590995428478_437589099628665,0,1,0
100488814000_10150994315014001,0,1,0
110455108974424_472707879415810,0,1,0
125472670805257_516834208335766,0,1,0
199504650087085_349684808402401,0,1,0
78143372410_10151058810457411,1,0,0
92979593115_10150523902993116,0,0,1
163478290365055_441651429214405,1,0,0
199504650087085_483520455018835,0,1,0
7003656077_10150596962211078,0,1,0
125472670805257_504027412949779,0,1,0
7003656077_10151026509761078,0,1,0
78143372410_10150551226087411,0,1,0
179590995428478_410753695645539,1,0,0
151262458516_10150940000928517,0,1,0
199504650087085_342124295825119,0,1,0
102621172007_10150821986537008,1,0,0
117497138610_10151092580418611,0,0,1
12699262021_10150535821572022,1,0,0
12699262021_10151315013142022,0,1,0
179590995428478_403571939707499,0,0,1
199504650087085_345168568854025,0,1,0
77978885595_10152129290255596,1,0,0
12699262021_10150732666867022,0,1,0
152789358067261_355715074441354,0,0,1
151901268159778_527577770592124,0,1,0
6806028948_10151175476938949,0,1,0
8103318119_10150548660223120,0,1,0
117497138610_10150894912498611,0,1,0
179590995428478_321609361226640,0,1,0
117497138610_10151016972528611,0,1,0
12854644836_10151229823059837,0,0,1
159616034235_10150995798794236,0,1,0
179590995428478_422718237782418,0,1,0
179590995428478_347916411929268,0,1,0
92979593115_10151249042458116,0,1,0
108381603303_10151180765393304,0,1,0
117497138610_10151155063348611,0,1,0
12854644836_10151148800704837,0,1,0
147285781446_10150580699161447,1,0,0
152789358067261_505558226123704,1,0,0
179590995428478_421026397951602,0,1,0
56805881344_10150881413041345,0,0,1
63445693036_10151168123363037,0,1,0
8103318119_10150727540068120,0,1,0
8103318119_10150634802833120,0,1,0
129945096760_10151088046476761,0,1,0
129945096760_10151088135681761,0,1,0
129945096760_10151089599316761,0,1,0
129945096760_10151103601466761,0,1,0
129945096760_10151103714141761,0,1,0
129945096760_10151104241196761,0,1,0
129945096760_10151104834441761,0,1,0
129945096760_10151106866146761,0,1,0
104078918472_10151173836533473,0,1,0
92979593115_10151204388938116,0,1,0
102621172007_10151331959572008,0,0,1
108381603303_10151012917323304,0,1,0
12699262021_10151320771032022,0,0,1
148714060068_10150476154205069,0,1,0
260431051694_10150919943391695,0,0,1
56805881344_10151135992611345,0,1,0
77978885595_10151376899060596,1,0,0
77978885595_10152354866155596,0,0,1
6806028948_10151180071728949,0,1,0
12699262021_10151189626337022,1,0,0
8103318119_10151186796753120,0,1,0
100488814000_10150504510484001,0,1,0
102621172007_10150776185882008,0,0,1
115568331790246_398410316839378,1,0,0
115568331790246_479993945347681,1,0,0
117497138610_10150681881263611,0,0,1
117497138610_10150879434823611,0,1,0
124793145874_10150912651390875,0,1,0
151262458516_10150596106663517,0,1,0
17648521247_10151169374901248,0,0,1
179590995428478_317234931664083,0,1,0
199504650087085_428637170507164,0,1,0
21493231379_10151232372196380,0,1,0
63445693036_10150957424868037,0,0,1
8103318119_10151147338623120,0,1,0
7003656077_10151051587296078,1,0,0
100488814000_10151224755384001,0,1,0
179590995428478_357684894285753,0,1,0
60686173217_10151157438758218,0,0,1
199504650087085_484024608301753,0,1,0
12699262021_10150785997132022,0,1,0
117497138610_10151178816413611,0,1,0
179590995428478_394599333927642,0,1,0
313163945066_10151076491030067,0,1,0
125472670805257_513509882001532,0,1,0
152789358067261_372637676082427,0,1,0
6806028948_10151370571828949,1,0,0
78143372410_3669832217229,0,1,0
6806028948_10151320936108949,0,1,0
151262458516_10150909530703517,0,1,0
117497138610_10150943796963611,0,1,0
179590995428478_413768812010694,0,1,0
124728879505_4556201297041,1,0,0
152789358067261_337797902899738,0,1,0
110455108974424_346314818721784,0,1,0
125472670805257_379059488779906,0,0,1
179590995428478_404549026266006,0,1,0
63445693036_10151168280783037,0,1,0
159616034235_10150706303499236,0,0,1
78143372410_10150494867172411,1,0,0
102621172007_10151188703242008,0,1,0
6806028948_10151169674543949,0,1,0
129945096760_10151089328551761,0,1,0
199504650087085_334755739895308,0,1,0
152789358067261_427003457312515,0,1,0
92979593115_10151269518943116,0,1,0
21493231379_10151260880581380,0,1,0
167890209688_10151425866429689,1,0,0
6806028948_10151171571613949,0,1,0
179590995428478_365285003525742,0,1,0
77978885595_10152102958400596,1,0,0
78143372410_10150887007162411,0,1,0
77978885595_10151914970865596,0,1,0
7003656077_10150458230226078,0,1,0
78143372410_10151025349042411,1,0,0
7003656077_10150683845371078,1,0,0
12699262021_10151289425742022,0,1,0
7003656077_10150988575226078,0,1,0
179590995428478_410264092361166,0,1,0
7003656077_10151054860466078,1,0,0
77978885595_10151472417780596,0,0,1
179590995428478_349173318470244,0,1,0
8103318119_10151337638578120,0,1,0
159616034235_10150638541259236,0,1,0
179590995428478_323106314410278,0,0,1
179590995428478_384599558260953,0,1,0
78143372410_10150808818402411,0,1,0
110455108974424_524478130905451,0,0,1
147285781446_10151136391066447,0,1,0
151262458516_10151192993768517,0,1,0
8103318119_10151319398938120,0,0,1
313163945066_10151194650710067,0,1,0
108381603303_461734147192075,1,0,0
167890209688_10151567069284689,0,1,0
179590995428478_430535170334058,0,1,0
199504650087085_485848321452715,0,1,0
12699262021_10151272968317022,0,0,1
8103318119_10150920347163120,1,0,0
77978885595_494766077219259,1,0,0
117497138610_10151244478718611,0,1,0
8103318119_10150986816068120,0,0,1
12699262021_10151152376267022,0,1,0
125472670805257_428245430527978,0,0,1
159616034235_10150768892294236,0,1,0
179590995428478_420268764694032,0,1,0
92979593115_10151015572578116,0,1,0
179590995428478_338891046165138,0,1,0
115568331790246_527859890561086,0,1,0
179590995428478_390736424313933,0,1,0
199504650087085_419921411378740,0,1,0
110455108974424_518066638213267,0,1,0
126016648090_10150913579873091,0,1,0
179590995428478_381486041905638,0,1,0
7003656077_10151060951431078,0,1,0
147285781446_10151103260191447,0,1,0
8103318119_10151265496278120,0,0,1
313163945066_10150941786845067,0,1,0
92979593115_10151284251093116,0,1,0
129945096760_10151287943889042,0,1,0
179590995428478_405424969511745,0,1,0
147285781446_10150665380726447,1,0,0
179590995428478_440497032671205,0,1,0
92979593115_10150730027653116,0,1,0
199504650087085_383885671648981,0,1,0
92979593115_10151273264708116,0,1,0
8103318119_10150977900963120,0,1,0
152789358067261_444501665562694,0,1,0
12699262021_10150507100227022,0,1,0
147285781446_10151137337931447,0,1,0
151901268159778_465384186811483,0,1,0
152789358067261_451402034872657,0,1,0
117497138610_10150990347238611,1,0,0
125472670805257_526768984008955,0,1,0
179590995428478_328364023884507,0,1,0
104078918472_10151096274933473,0,1,0
125472670805257_375620419123813,1,0,0
167890209688_10151579251554689,0,1,0
8103318119_348714705192765,0,0,1
12699262021_10150562097597022,0,1,0
6806028948_10150724769058949,1,0,0
108381603303_10150505676718304,0,0,1
108381603303_10151028041068304,0,1,0
108381603303_10151294966148304,0,1,0
110455108974424_524137984272799,0,0,1
124728879505_10150935600039506,0,1,0
129945096760_10151090085461761,0,1,0
92979593115_10150996857853116,0,1,0
147285781446_10151135961766447,1,0,0
12699262021_10150821763477022,0,0,1
151262458516_10150622039993517,1,0,0
199504650087085_374390192598529,0,0,1
106245416086016_404451089598779,0,1,0
125472670805257_423907350961786,0,1,0
151262458516_10150508368453517,0,1,0
179590995428478_395523540501888,0,1,0
179590995428478_432569813463927,0,0,1
199504650087085_435428026494745,0,1,0
12699262021_10151251339692022,0,1,0
117497138610_10151094992228611,0,1,0
78143372410_10150602502772411,1,0,0
151901268159778_462014853815083,1,0,0
125472670805257_463841446968376,0,1,0
8103318119_10151350172958120,0,1,0
17648521247_10151266746696248,0,1,0
6806028948_10151169682138949,0,1,0
6806028948_10151286940063949,0,1,0
12699262021_10150790332087022,0,1,0
12854644836_337218853042956,0,1,0
56805881344_10151127867181345,0,0,1
179590995428478_417851434935765,0,1,0
78143372410_10151097037957411,0,0,1
125472670805257_414895075196347,0,0,1
147285781446_10151101444481447,0,1,0
8103318119_10150680148493120,0,1,0
100488814000_3613530210651,0,1,0
179590995428478_342764449111131,0,1,0
108381603303_10150984455448304,0,0,1
12699262021_10150945226372022,0,1,0
100488814000_10151043064599001,0,1,0
179590995428478_347872541933655,0,1,0
77978885595_10152286781280596,0,1,0
100488814000_10151043072329001,0,1,0
108381603303_10150718042033304,0,1,0
108381603303_10151028857023304,0,0,1
117497138610_10150512008603611,0,1,0
117497138610_10150674482678611,0,1,0
117497138610_10151196614548611,0,0,1
129945096760_10150806638686761,1,0,0
129945096760_10150816921741761,0,0,1
129945096760_10151104106111761,0,1,0
129945096760_10151104127431761,0,1,0
147285781446_10151135614836447,0,1,0
159616034235_10150724705259236,0,1,0
163478290365055_465176380195243,0,1,0
17648521247_10150904014391248,0,1,0
179590995428478_328936357160607,0,1,0
179590995428478_340599379327638,0,1,0
179590995428478_381377878583121,1,0,0
179590995428478_411420678912174,0,1,0
179590995428478_432170330170542,1,0,0
179590995428478_437970282923880,0,0,1
199504650087085_326194434084772,0,0,1
63445693036_10151168353438037,1,0,0
6806028948_10150611724128949,0,0,1
6806028948_10151028101138949,0,0,1
7003656077_10150933749131078,0,0,1
77978885595_10151255069135596,1,0,0
77978885595_10151267463865446,1,0,0
77978885595_10152162502305596,0,0,1
8103318119_10151207974178120,0,1,0
8103318119_10151249667653120,0,0,1
92979593115_10150758089998116,0,0,1
7003656077_10150846458801078,1,0,0
108381603303_10151302090528304,0,1,0
17648521247_10150507226206248,0,1,0
12699262021_10151304614262022,0,1,0
78143372410_10150581400352411,0,1,0
6806028948_10151232568573949,0,1,0
125472670805257_375336442485544,0,1,0
199504650087085_329149677122581,0,1,0
179590995428478_398033036917605,0,1,0
129945096760_10151105439736761,0,1,0
148714060068_10150995883195069,0,0,1
313163945066_10151042781875067,0,1,0
63445693036_10150603582668037,0,1,0
92979593115_10151157053378116,0,1,0
125472670805257_426209130731608,0,1,0
125472670805257_510522982300222,0,1,0
129945096760_10151056663711761,0,1,0
115568331790246_543485958998479,0,1,0
100488814000_4878658570548,1,0,0
147285781446_10151120051241447,0,0,1
117497138610_10151036638028611,0,1,0
199504650087085_446331235404424,0,1,0
78143372410_10150763826877411,0,1,0
110455108974424_486815681338363,0,0,1
129945096760_10150949945641761,1,0,0
6806028948_10150896791103949,1,0,0
199504650087085_440598952644319,0,1,0
125472670805257_462543347098186,0,1,0
63445693036_10151138619933037,0,1,0
92979593115_10151192976588116,0,1,0
147285781446_10151136051881447,0,1,0
8103318119_10151261368018120,0,1,0
199504650087085_463896063647941,0,0,1
104078918472_10151197812788473,0,0,1
125472670805257_509934602359060,1,0,0
78143372410_10150566869822411,1,0,0
179590995428478_301710829883160,1,0,0
63445693036_10151010685338037,1,0,0
159616034235_10150706644689236,0,0,1
152789358067261_337003796312482,0,1,0
100488814000_10150766251584001,0,0,1
8103318119_10150866533403120,1,0,0
104078918472_10150623492618473,0,1,0
163478290365055_466686126710935,0,1,0
6806028948_10151168918988949,0,1,0
77978885595_10151915782200596,0,1,0
179590995428478_429121980475377,0,1,0
124728879505_10150459276954506,0,0,1
12699262021_10151197316932022,0,1,0
21493231379_10151140775416380,0,0,1
6806028948_10150697319543949,1,0,0
78143372410_10150492686497411,1,0,0
12699262021_10150615588582022,0,1,0
199504650087085_355215577849324,0,0,1
179590995428478_398916276829281,0,0,1
129945096760_10151103739551761,0,1,0
179590995428478_376463335741242,0,1,0
8103318119_10151224165223120,0,1,0
8103318119_10151249575308120,0,0,1
78143372410_10151038227537411,0,1,0
199504650087085_342820989088783,1,0,0
179590995428478_428052297249012,0,1,0
159616034235_10151503744139236,0,1,0
8103318119_10151237367493120,0,1,0
78143372410_10151048536177411,0,1,0
152789358067261_416149461731248,0,1,0
129945096760_182476608543638,0,1,0
12699262021_10150623622152022,0,1,0
7003656077_10151062633246078,0,1,0
313163945066_10151005407875067,0,1,0
7003656077_10150966055621078,0,1,0
78143372410_10151022037712411,0,1,0
60686173217_10151049356758218,0,1,0
17648521247_10151238935616248,0,1,0
100488814000_10151218315059001,0,1,0
100488814000_10151001298554001,0,1,0
125472670805257_436589316360256,1,0,0
179590995428478_325028440884732,0,0,1
179590995428478_319676024738715,0,0,1
8103318119_10151234603373120,0,1,0
12699262021_10150975731242022,1,0,0
100488814000_10150994847839001,0,1,0
78143372410_10151022595902411,0,1,0
117497138610_10151176810503611,0,1,0
12699262021_10150798146552022,0,1,0
147285781446_10150496940531447,1,0,0
129945096760_10151087988476761,0,1,0
151262458516_10151197000483517,0,1,0
179590995428478_334118006642442,0,1,0
60686173217_10150897837783218,1,0,0
92979593115_10151176974918116,0,1,0
179590995428478_413292322058343,0,1,0
179590995428478_416190148435227,0,1,0
6806028948_10151101821188949,1,0,0
78143372410_10150816440957411,0,0,1
125472670805257_470957969590057,0,1,0
313163945066_10150834453005067,0,1,0
12699262021_10150591613067022,0,1,0
63445693036_10151168302018037,0,1,0
179590995428478_322616494459260,0,1,0
124728879505_10150606090269506,1,0,0
8103318119_10151277861138120,1,0,0
7003656077_10150678655651078,0,1,0
21493231379_10151283749496380,1,0,0
6806028948_10151105614188949,1,0,0
115568331790246_475324845814591,0,1,0
199504650087085_344995688871313,0,1,0
8103318119_10150529526163120,0,1,0
12699262021_10151212062562022,0,1,0
92979593115_10150735649998116,0,1,0
125472670805257_519474994738354,1,0,0
21493231379_10151200029966380,0,0,1
125472670805257_513540168665170,0,1,0
179590995428478_344380258949550,0,1,0
152789358067261_402659499746911,0,0,1
100488814000_10151022116024001,0,1,0
179590995428478_325282490859327,0,1,0
199504650087085_324052534298962,0,1,0
129945096760_10151104027206761,0,1,0
8103318119_10151317980003120,0,1,0
129945096760_10151089060106761,0,1,0
159616034235_10150794696509236,0,1,0
12699262021_10151335742537022,0,1,0
58139304797_10150631868524798,0,1,0
6806028948_10151337559513949,1,0,0
147285781446_10151135500106447,1,0,0
117497138610_10151107050728611,0,1,0
102621172007_10151201393257008,0,0,1
129945096760_10151103769201761,0,1,0
152789358067261_422327097780151,1,0,0
56805881344_221631091276755,1,0,0
179590995428478_321365951250981,0,1,0
117497138610_10151165616833611,0,1,0
199504650087085_458999960804218,0,1,0
12854644836_10150835238599837,1,0,0
7003656077_10150910424621078,0,1,0
152789358067261_362776327068562,1,0,0
126016648090_10151149170093091,0,1,0
260431051694_10151078831131695,0,0,1
78143372410_10150524212777411,0,0,1
6806028948_10150752840923949,0,1,0
199504650087085_300923096611906,0,1,0
152789358067261_351879144824947,1,0,0
179590995428478_389715104416065,0,1,0
179590995428478_128528077295000,0,1,0
129945096760_10150634105611761,1,0,0
78143372410_10150880408922411,0,1,0
12699262021_10150852193917022,0,1,0
12699262021_10150518163277022,0,1,0
159616034235_10151293574819236,0,1,0
159616034235_10150691064059236,0,1,0
179590995428478_425426144178294,0,1,0
199504650087085_300480599989489,0,1,0
100488814000_10150993828759001,0,1,0
12699262021_10151126367562022,0,0,1
260431051694_269800616471337,1,0,0
7003656077_10150477331101078,1,0,0
8103318119_10151184497363120,0,0,1
92979593115_10150566374048116,0,1,0
163478290365055_466722826707265,0,1,0
147285781446_10151135483801447,0,0,1
199504650087085_343777935659755,0,1,0
7003656077_10151029216666078,0,1,0
152789358067261_394768310536030,0,1,0
163478290365055_183395595134747,0,1,0
179590995428478_340845412636368,0,1,0
6185812851_10150886818622852,1,0,0
63445693036_10151168335633037,0,1,0
7003656077_10151022508306078,1,0,0
92979593115_10151008935448116,1,0,0
6806028948_10151067272583949,1,0,0
77978885595_10151936739485596,0,1,0
100488814000_10151077461359001,0,0,1
115568331790246_541531909193884,0,0,1
199504650087085_336398469731035,0,1,0
77978885595_10152184693500596,1,0,0
78143372410_10150791331567411,0,1,0
8103318119_10150689088013120,0,1,0
92979593115_10150966648173116,0,1,0
92979593115_10150675680288116,0,0,1
8103318119_10150526795008120,1,0,0
179590995428478_320412588012984,0,1,0
63445693036_10151168997428037,0,1,0
108381603303_10150657556048304,1,0,0
151901268159778_480328698650365,0,1,0
151901268159778_499630890053479,0,1,0
126016648090_10151134600363091,0,1,0
78143372410_10150805965732411,0,1,0
104078918472_10150904722749639,1,0,0
108381603303_10151296444628304,0,1,0
125472670805257_492720167413837,0,1,0
115568331790246_404745222872554,0,0,1
167890209688_10150843634369689,0,1,0
100488814000_10151045952034001,0,1,0
110455108974424_523503821002882,0,0,1
115568331790246_405037442843332,1,0,0
115568331790246_547872571893151,1,0,0
124728879505_10151046777119071,1,0,0
125472670805257_379057395446782,0,0,1
147285781446_10150613045656447,0,0,1
60686173217_10151060458568218,0,0,1
6806028948_10151045913638949,0,1,0
77978885595_10152350801490596,1,0,0
77978885595_4415934669241,0,1,0
78143372410_10150511604997411,0,1,0
100488814000_10151122320604001,0,1,0
129945096760_10151103615486761,0,1,0
63445693036_10151168115883037,0,1,0
78143372410_10151142879342411,0,0,1
92979593115_10150991942648116,1,0,0
179590995428478_334122096642033,0,1,0
313163945066_10150702926620067,0,1,0
7003656077_10150855034041078,1,0,0
78143372410_10150802903792411,0,1,0
152789358067261_372779446068250,0,1,0
8103318119_10151153350573120,0,1,0
92979593115_10151237367788116,0,1,0
78143372410_10151009971377411,1,0,0
117497138610_10150979647268611,0,1,0
108381603303_10150562351973304,1,0,0
110455108974424_546759512010646,0,0,1
115568331790246_377315912282152,0,1,0
115568331790246_385068698173540,1,0,0
115568331790246_432038150143261,0,1,0
117497138610_10150614358818611,0,0,1
129945096760_10151089114531761,0,1,0
159616034235_10150530091869236,0,1,0
159616034235_10150646944859236,0,1,0
179590995428478_398612183526357,0,1,0
21493231379_10150974086991380,1,0,0
313163945066_10151219888115067,1,0,0
56805881344_10150751408101345,1,0,0
8103318119_10150745454383120,1,0,0
8103318119_10151248719043120,0,0,1
125472670805257_506879729331214,0,1,0
125472670805257_346216045397584,0,1,0
129945096760_10151103968041761,0,1,0
179590995428478_329900960397480,0,1,0
6806028948_10150738193538949,1,0,0
6806028948_10150918365528949,0,0,1
100488814000_10150533528304001,0,0,1
126016648090_10150594214888091,1,0,0
12699262021_10151088827777022,1,0,0
147285781446_10151149905351447,0,1,0
167890209688_10151477555219689,1,0,0
179590995428478_329965867057656,0,1,0
8103318119_10151030772118120,0,1,0
8103318119_10151087965158120,0,0,1
163478290365055_466859086693639,0,1,0
163478290365055_466542510058630,0,1,0
129945096760_10151089483851761,0,1,0
129945096760_10151089666476761,0,1,0
129945096760_10151103597636761,0,1,0
129945096760_10151103643116761,0,1,0
92979593115_10151149258933116,0,1,0
125472670805257_535308553154998,0,1,0
159616034235_10150990605164236,0,0,1
17648521247_10150677683491248,0,1,0
179590995428478_401075036613405,1,0,0
12699262021_10151339541307022,0,1,0
163478290365055_466588020054079,0,1,0
8103318119_10151281689848120,0,1,0
17648521247_10151273677491248,0,1,0
147285781446_10151136082706447,0,1,0
179590995428478_343708725683370,0,1,0
12699262021_10151100155332022,1,0,0
56805881344_10151114168506345,1,0,0
6806028948_10151279757633949,0,1,0
7003656077_10151080514196078,0,1,0
100488814000_10151061981719001,0,1,0
151262458516_10150580330568517,0,1,0
77978885595_10152070453950596,0,1,0
7003656077_10150891221376078,0,1,0
56805881344_10150705427271345,0,1,0
125472670805257_384260234991135,0,1,0
7003656077_10151035495606078,0,1,0
179590995428478_418129041574671,0,1,0
179590995428478_401457823241793,0,1,0
102621172007_10151088582057008,0,0,1
115568331790246_426255440721532,1,0,0
117497138610_10150606876108611,1,0,0
12699262021_10151306238677022,1,0,0
129945096760_10150634574751761,1,0,0
147285781446_10151135330461447,1,0,0
159616034235_10150625985874236,0,1,0
199504650087085_336493073054908,0,1,0
7003656077_10150890579451078,0,1,0
77978885595_10151957737815596,0,0,1
92979593115_10150600460338116,1,0,0
7003656077_10150684749901078,0,1,0
199504650087085_179393142184105,0,1,0
78143372410_332458000160396,0,1,0
151262458516_10151094249578517,0,1,0
129945096760_10151104008106761,0,1,0
199504650087085_433864443317770,0,1,0
163478290365055_467895376590010,0,1,0
8103318119_10151177073388120,0,1,0
163478290365055_466721900040691,0,1,0
125472670805257_480890995263421,0,1,0
129945096760_10151089374061761,0,1,0
129945096760_10151103776996761,0,1,0
117497138610_10151042603348611,1,0,0
117497138610_10151091544753611,0,1,0
92979593115_10151285134958116,0,1,0
8103318119_10150590612908120,0,0,1
148714060068_10150982761380069,0,0,1
179590995428478_304208496300060,0,1,0
12699262021_10150626008597022,0,1,0
313163945066_10151166504775067,0,1,0
21493231379_10150684785571380,0,1,0
129945096760_10151088951021761,0,1,0
129945096760_10151103736431761,0,1,0
78143372410_10150603408107411,0,0,1
159616034235_10150704746794236,0,1,0
92979593115_10150542337093116,0,1,0
179590995428478_415316248522617,0,1,0
159616034235_10150706066734236,0,1,0
129945096760_10151104305596761,0,1,0
117497138610_10150832746203611,0,0,1
179590995428478_340221872698722,1,0,0
78143372410_10150809771317411,0,1,0
163478290365055_470847916294756,1,0,0
163478290365055_466715050041376,0,1,0
199504650087085_334003803303835,0,1,0
108381603303_503817116309525,1,0,0
179590995428478_405647802822795,0,1,0
100488814000_10151110531739001,0,1,0
179590995428478_396374087083500,0,1,0
102621172007_10150932551302008,1,0,0
12699262021_10150760614357022,0,1,0
313163945066_10151114683135067,0,1,0
78143372410_10150982503882411,0,1,0
129945096760_10151103641861761,0,1,0
110455108974424_520205284666069,0,1,0
179590995428478_435300486524193,0,0,1
77978885595_10152081041005596,0,0,1
117497138610_10151030904518611,0,1,0
8103318119_10151346537343120,0,0,1
179590995428478_324873870900189,0,1,0
125472670805257_482050525147468,0,1,0
104078918472_10151022072188473,0,0,1
110455108974424_512248145461783,0,0,1
129945096760_10151104509821761,0,1,0
163478290365055_468707533175461,0,1,0
179590995428478_430560416998200,1,0,0
199504650087085_470422409661973,0,1,0
8103318119_10150589057248120,0,0,1
124728879505_10151157742359506,0,1,0
6185812851_10150497084767852,0,1,0
125472670805257_417859804899874,0,0,1
8103318119_10150581728298120,0,1,0
179590995428478_437519169635658,0,1,0
102621172007_10151359293017008,0,0,1
110455108974424_522386721114592,0,1,0
167890209688_10151568754784689,0,1,0
6806028948_10150622454923949,0,1,0
129945096760_10151083554096761,0,1,0
92979593115_10151197829813116,0,1,0
125472670805257_355735714445617,0,1,0
110455108974424_441155499237715,0,0,1
129945096760_10151088123646761,0,1,0
199504650087085_359536774083871,0,1,0
179590995428478_438350939552481,1,0,0
179590995428478_386874464700129,1,0,0
12854644836_10150889058559837,1,0,0
179590995428478_422614801126095,1,0,0
77978885595_10152009757020596,1,0,0
6806028948_10151165431038949,0,1,0
117497138610_10151214744983611,0,1,0
199504650087085_348504115187137,0,0,1
129945096760_10151104662416761,0,1,0
7003656077_10150697545371078,0,1,0
148714060068_10150850941470069,1,0,0
260431051694_10150843174891695,1,0,0
8103318119_10151325255933120,0,1,0
159616034235_10150688472859236,0,1,0
78143372410_233162913463373,0,1,0
78143372410_10151100734737411,0,1,0
179590995428478_404104746310434,0,1,0
7003656077_10151017062156078,0,1,0
102621172007_10151144282027008,1,0,0
125472670805257_490321494320371,0,0,1
6806028948_10151164854833949,0,1,0
163478290365055_466530903393124,0,1,0
125472670805257_395880973764424,0,1,0
179590995428478_403390706381838,0,1,0
199504650087085_442802375757310,0,1,0
104078918472_10150876671863473,0,1,0
129945096760_10151103860456761,0,1,0
199504650087085_456453067725574,0,1,0
56805881344_10151093846521345,0,1,0
129945096760_10151088252161761,0,1,0
129945096760_10151090032626761,0,1,0
129945096760_10151094207991761,0,1,0
129945096760_10151103585951761,0,1,0
129945096760_10151103589136761,0,1,0
129945096760_10151103643841761,0,1,0
104078918472_10151165582193473,0,1,0
110455108974424_518577568162174,0,0,1
159616034235_10150544001329236,0,1,0
179590995428478_384859591568283,0,1,0
179590995428478_430444197009822,0,1,0
63445693036_10151168069718037,0,1,0
63445693036_10151169138178037,0,1,0
63445693036_10151181187343037,1,0,0
92979593115_10151056392863116,1,0,0
152789358067261_499110013435192,1,0,0
117497138610_10151042165948611,0,1,0
179590995428478_404313306289578,0,1,0
100488814000_10150996345884001,0,1,0
77978885595_10152217376550596,0,1,0
117497138610_371991699522850,1,0,0
124728879505_10150458062939506,0,1,0
163478290365055_412155565497325,0,0,1
179590995428478_333401076714135,0,1,0
6806028948_10150787465553949,0,1,0
77978885595_10151146540980596,1,0,0
56805881344_10150960909901345,0,0,1
199504650087085_350264371677778,0,1,0
92979593115_10150949199618116,0,0,1
179590995428478_340864949301081,0,1,0
21493231379_10151289184931380,0,1,0
100488814000_10151043167779001,0,1,0
129945096760_10151089428431761,0,1,0
129945096760_10151103796906761,0,1,0
129945096760_10151103977981761,0,1,0
129945096760_10151104102871761,0,1,0
129945096760_10151104753131761,0,1,0
179590995428478_420575204663388,0,1,0
12699262021_10150715155392022,0,0,1
179590995428478_362818000439109,0,1,0
6806028948_10151287101338949,0,0,1
56805881344_10150623317461345,0,1,0
7003656077_10151040447831078,0,1,0
104078918472_10151174999578473,1,0,0
125472670805257_330815203604335,0,1,0
159616034235_10150680234614236,0,1,0
260431051694_10150492389196695,0,1,0
179590995428478_430054813715427,0,1,0
8103318119_10151099423143120,0,1,0
179590995428478_380416125345963,0,1,0
115568331790246_542290645784677,0,1,0
199504650087085_434471963257018,0,1,0
129945096760_10151089509901761,0,1,0
159616034235_10150614609949236,0,0,1
147285781446_10151152995621447,0,1,0
179590995428478_430192970368278,0,0,1
313163945066_10150990092580067,1,0,0
6185812851_10150503269252852,1,0,0
63445693036_10151168149238037,0,1,0
179590995428478_378073128913596,0,1,0
12699262021_10150714690297022,0,1,0
115568331790246_439078689439207,1,0,0
129945096760_10151088174086761,0,1,0
179590995428478_291296940924549,0,1,0
199504650087085_447770081927206,0,0,1
6185812851_10150652130297852,0,1,0
8103318119_3023654433171,0,0,1
100488814000_10151000519784001,0,1,0
199504650087085_438181282886086,1,0,0
159616034235_10150706537819236,0,0,1
129945096760_10151112575026761,0,1,0
313163945066_10151328449885067,0,1,0
108381603303_10151250793953304,0,1,0
117497138610_10151147193953611,1,0,0
124728879505_10150876410564506,0,1,0
12699262021_10151103989742022,0,1,0
7003656077_10151026254511078,0,1,0
7003656077_10151131820976078,0,1,0
78143372410_10150480864347411,0,1,0
159616034235_10150623609184236,0,1,0
179590995428478_323085291079047,0,1,0
6806028948_10151261894813949,0,0,1
110455108974424_354906097862656,0,0,1
179590995428478_228859217228039,1,0,0
7003656077_10150838722256078,0,1,0
117497138610_10151135223008611,0,1,0
179590995428478_329519457102297,0,1,0
179590995428478_395421763845399,0,1,0
179590995428478_414292928624949,0,1,0
199504650087085_326202834083932,0,1,0
12699262021_10151181918477022,0,0,1
147285781446_10151135354616447,1,0,0
147285781446_10151136440816447,1,0,0
163478290365055_466679290044952,0,1,0
179590995428478_345567102164199,1,0,0
8103318119_10151206116633120,0,0,1
199504650087085_325729994131216,0,1,0
125472670805257_371498892869299,0,0,1
159616034235_10150706650584236,0,1,0
12699262021_10151282450342022,0,1,0
21493231379_10151273275271380,0,1,0
126016648090_10151062526248091,1,0,0
179590995428478_427186304002278,0,1,0
147285781446_10151151201041447,0,1,0
163478290365055_466596046719943,0,1,0
60686173217_10150942076328218,1,0,0
126016648090_10151164829823091,0,1,0
100488814000_10151028006709001,1,0,0
110455108974424_472582092761722,0,1,0
115568331790246_371175802896163,1,0,0
117497138610_10150868287458611,0,1,0
129945096760_10150817366101761,0,0,1
129945096760_10151086697216761,1,0,0
163478290365055_383588735020675,1,0,0
179590995428478_227238120711739,0,1,0
21493231379_10150503173796380,1,0,0
6185812851_10150590962097852,1,0,0
7003656077_10150839082901078,0,1,0
77978885595_451228171575227,1,0,0
8103318119_10151097105493120,1,0,0
78143372410_10150994087157411,0,1,0
129945096760_10151103632016761,0,1,0
179590995428478_360087167378859,0,1,0
115568331790246_552787064735035,0,1,0
8103318119_10150524133363120,0,1,0
179590995428478_360430547344521,0,1,0
179590995428478_383001291754113,0,1,0
147285781446_10151138903701447,0,1,0
78143372410_10150811220627411,0,1,0
125472670805257_498032800215907,0,0,1
92979593115_10150502145428116,0,1,0
159616034235_10150713293489236,0,0,1
179590995428478_406354306085478,0,0,1
6806028948_10151413146363949,0,1,0
78143372410_10150799824647411,0,0,1
78143372410_10151121393742411,0,1,0
152789358067261_397740443572150,0,1,0
179590995428478_331302006924042,0,1,0
313163945066_10151159560455067,0,1,0
125472670805257_506037572748763,0,1,0
108381603303_10151299508223304,0,1,0
179590995428478_297157970338446,0,1,0
129945096760_10151088358741761,0,1,0
12699262021_10151288502062022,0,1,0
60686173217_10151136162432378,0,1,0
179590995428478_348501898537386,0,1,0
313163945066_10151060163030067,0,1,0
129945096760_10151103612891761,0,1,0
199504650087085_331242103580005,0,1,0
117497138610_10151113861963611,0,0,1
78143372410_10151021699237411,0,1,0
12699262021_10150663668547022,0,1,0
17648521247_10150917920146248,0,0,1
7003656077_10150989714191078,0,1,0
60686173217_10150562385508218,0,0,1
104078918472_10150933240613473,0,1,0
12699262021_10151100311917022,0,1,0
78143372410_10151154907437411,0,1,0
8103318119_10151319935558120,0,1,0
147285781446_10151142477451447,0,1,0
179590995428478_412851378769104,0,1,0
129945096760_10151104698446761,0,1,0
106245416086016_406961692681052,0,1,0
108381603303_10151158233068304,0,1,0
12699262021_10151273421052022,0,0,1
117497138610_10151142483598611,0,0,1
77978885595_10151510849645596,0,1,0
7003656077_10151027070071078,0,1,0
159616034235_10151391976289236,0,1,0
313163945066_10150980218895067,0,1,0
78143372410_10151107906092411,0,1,0
60686173217_10151102705703218,0,1,0
179590995428478_382396001814642,0,1,0
199504650087085_442612932442921,0,1,0
100488814000_10151083300499001,0,1,0
179590995428478_383131735074402,0,1,0
199504650087085_350134588357423,0,1,0
129945096760_10151095072651761,0,1,0
100488814000_10151117828569001,0,1,0
100488814000_10151123453944001,0,1,0
179590995428478_365179310202978,0,1,0
260431051694_10150631752691695,0,1,0
6806028948_10151282811553949,1,0,0
60686173217_10150562255958218,0,1,0
117497138610_10151236984813611,0,1,0
7003656077_10151172994861078,0,0,1
129945096760_10151104113821761,0,1,0
179590995428478_322503117803931,0,0,1
100488814000_10150681885209001,1,0,0
179590995428478_378502702203972,1,0,0
8103318119_10151314154523120,0,1,0
260431051694_221391881324743,0,0,1
92979593115_10150717687678116,0,1,0
199504650087085_461827680521446,0,1,0
125472670805257_479847785367742,0,1,0
117497138610_10150863158903611,0,0,1
6185812851_10150899466187852,0,0,1
7003656077_10150562399361078,0,1,0
6806028948_10151178662148949,0,1,0
159616034235_10150744256859236,0,0,1
179590995428478_340857479301828,0,0,1
12699262021_10151155054127022,1,0,0
12699262021_10150505995022022,0,0,1
7003656077_10150523699301078,0,1,0
163478290365055_466496860063195,0,1,0
125472670805257_519722294713624,0,1,0
159616034235_10150518990164236,0,1,0
12854644836_10150979559499837,1,0,0
63445693036_10150591281858037,1,0,0
102621172007_10151200529722008,0,0,1
199504650087085_372060042831544,1,0,0
129945096760_10151103607696761,0,1,0
110455108974424_391690457517553,0,0,1
92979593115_10151154715743116,0,1,0
129945096760_10151105029606761,0,1,0
167890209688_10150865350349689,0,1,0
56805881344_10151107869736345,0,1,0
77978885595_10151602350720596,1,0,0
179590995428478_414479415272967,0,1,0
179590995428478_442447965809445,0,1,0
12699262021_10151101816832022,0,1,0
151901268159778_497810036902231,0,0,1
110455108974424_429429833743615,0,0,1
12699262021_10151163821672022,0,1,0
129945096760_10151103608241761,0,1,0
129945096760_10151103813031761,0,1,0
163478290365055_328156100619238,0,1,0
260431051694_10151151769801695,1,0,0
179590995428478_447926351886214,0,1,0
8103318119_10151155934483120,0,1,0
179590995428478_386297958091113,0,1,0
117497138610_10150741316133611,0,1,0
56805881344_10151125396416345,0,1,0
92979593115_10150602935918116,0,1,0
163478290365055_468789273167287,0,1,0
179590995428478_386021501452092,0,1,0
179590995428478_384778751576367,0,1,0
179590995428478_425613774159531,0,1,0
56805881344_10150708036311345,0,1,0
108381603303_418729498198697,1,0,0
92979593115_10150498942898116,0,0,1
108381603303_10151192500668304,0,1,0
125472670805257_102617696576682,1,0,0
17648521247_10151256275041248,1,0,0
179590995428478_137475179710442,1,0,0
179590995428478_297310637013826,1,0,0
151262458516_10151095489553517,0,1,0
17648521247_10150669603106248,0,1,0
104078918472_10150572648593473,0,0,1
7003656077_10150613641506078,0,1,0
115568331790246_395352227145187,1,0,0
56805881344_10151142472021345,0,0,1
108381603303_10150540613323304,1,0,0
167890209688_10151361493804689,0,1,0
117497138610_10151051166273611,0,1,0
110455108974424_519281244758473,0,1,0
179590995428478_405601822827393,1,0,0
63445693036_10150533411288037,1,0,0
78143372410_10151089155852411,1,0,0
179590995428478_333773990010177,0,1,0
124728879505_10151127269204506,0,1,0
102621172007_10150593613992008,1,0,0
179590995428478_436271783093730,0,1,0
60686173217_10151101938538218,0,1,0
110455108974424_479609002059031,0,1,0
152789358067261_427249773954550,0,1,0
179590995428478_341645465889696,0,1,0
58139304797_10150666511569798,0,0,1
6185812851_10150642109407852,1,0,0
7003656077_10150836421841078,1,0,0
110455108974424_474618549224743,0,1,0
6185812851_10150899326142852,1,0,0
63445693036_10151081853768037,0,0,1
108381603303_10151333954748304,1,0,0
117497138610_10151235262213611,1,0,0
110455108974424_501510226535575,0,0,1
179590995428478_422375854483323,0,1,0
125472670805257_525103854175468,0,1,0
179590995428478_377568608964048,1,0,0
179590995428478_341070505947192,0,1,0
60686173217_10151073988283218,0,1,0
